Washington Apple Cake, 0, 3 eggs;2 cups white sugar;1 cup vegetable oil;2 cups all-purpose flour;2 teaspoons ground cinnamon;1 teaspoon baking soda;1/2 teaspoon salt;1 teaspoon vanilla extract;1 cup chopped walnuts;4 cups thinly sliced apples;2 (3 ounce) packages cream cheese  softened;1/4 cup butter  melted;2 cups confectioners' sugar;1 teaspoon lemon juice, Preheat oven to 350 degrees. Butter a 9x13 inch pan. Spread apples evenly over the bottom of the pan.  Beat eggs with mixer until thick and light. Combine sugar and oil and add to eggs.  Stir together flour  cinnamon  soda and salt. Add to egg mixture and beat in. stir in nuts and vanilla. Batter will be very thick.  Spread batter over apples in the pan. Bake at 350 degrees F (175 degrees C) for 1 hour  or until a toothpick inserted into the center comes out clean. Remove from the oven and cool. Spread with Cream Cheese Icing.  To make Cream Cheese Icing: Beat cream cheese until fluffy. Beat in 1/4 cup melted butter  then beat in confectioners sugar and lemon juice. Spread over cooled cake. Refrigerate.  
Apple Cake IV, 0, 5 apple - peeled  cored and sliced;2 cups all-purpose flour;1/2 teaspoon salt;4 teaspoons ground cinnamon;4 teaspoons baking powder;4 eggs;2 cups white sugar;1 cup vegetable oil;2 teaspoons vanilla extract;1 cup chopped walnuts;4 teaspoons white sugar;1 teaspoon ground cinnamon, Preheat oven to 350 degrees F (175 degrees C) lightly grease and flour a 9x13 inch pan.  Sift together flour  salt  cinnamon and baking powder. Set aside.  In a large bowl  beat eggs and sugar for 15 minutes on high speed with an electric mixer. Add oil and blend in.  Add four mixture and mix well. Add vanilla. Fold in apples and nuts. Pour batter into 9x13 inch pan.  In a small bowl  mix 4 teaspoons sugar with 1 teaspoon cinnamon. Sprinkle over cake.  Bake at 350 degrees F (175 degrees C) for 50 to 60 minutes or until a toothpick inserted into center of cake comes out clean.  
Oma's Rhubarb Cake, 75, 1 1/4 cups white sugar;1 teaspoon baking soda;1/2 teaspoon salt;2 cups all-purpose flour;2 eggs  beaten;1 cup sour cream;3 cups diced rhubarb;1 cup white sugar;1/4 cup butter  softened;1/4 cup all-purpose flour;ground cinnamon  for dusting, Preheat the oven to 350 degrees F (175 degrees C). Grease and flour a 9x13 inch baking dish.  In a large bowl  stir together 1 1/4 cups sugar  baking soda  salt and 2 cups flour. Stir in the eggs and sour cream until smooth  then fold in the rhubarb. Pour into the prepared dish and spread evenly. In a smaller bowl  stir together the remaining 1 cup sugar and butter until smooth. Stir in 1/4 cup flour until the mixture is crumbly. Sprinkle the mixture on top of the cake then dust lightly with cinnamon.  Bake in the preheated oven until a toothpick inserted in the center comes out clean  about 45 minutes.  
Bloody Broken Glass Cupcakes, 80, 1 (18.25 ounce) package white cake mix;1 cup water;1/3 cup vegetable oil;3 eggs;1 (16 ounce) can white frosting;Sugar Glass:;2 cups water;1 cup light corn syrup;3 1/2 cups white sugar;1/4 teaspoon cream of tartar;Edible Blood:;1/2 cup light corn syrup;1 tablespoon cornstarch;1/4 cup water  or more as needed;15 drops red food coloring;3 drops blue food coloring, Preheat an oven to 350 degrees F (175 degrees C). Line 2  12-cupcake tins with paper cupcake liners.  Blend cake mix  1 cup water  vegetable oil  and eggs in a large bowl. Beat with a mixer on low speed for 2 minutes. Divide cake batter between lined cupcake tins.  Bake cupcakes in preheated oven until a toothpick inserted in the center comes out clean  18 to 22 minutes. Cool completely. Frost cupcakes with white frosting.  Make the sugar glass. Mix 2 cups water  1 cup corn syrup  white sugar  and cream of tartar in a large saucepan; bring to a boil. Use a candy thermometer and boil sugar syrup until temperature reaches 300 degrees (hard ball)  stirring constantly. The mixture will thicken as water evaporates. When sugar reaches 300 degrees  quickly pour onto a metal baking pan. Cool until completely hardened. Break into "shards" using a meat mallet.  Make the edible blood. Mix together 1/2 cup corn syrup and cornstarch in a large bowl. Slowly stir in the 1/4 cup of water  adding more if necessary  until the corn syrup mixture has thickened to the consistency of blood. Stir in the red and blue food coloring.  Stab each frosted cupcake with a few shards of broken sugar glass. Drizzle on drops of "blood" to complete the effect.  
Jewish Apple Cake from Bubba's Recipe Box, 180, 1 teaspoon ground cinnamon;3/4 cup white sugar;5 large Rome Beauty apples  peeled  cored  and chopped;3 cups all-purpose flour;1 teaspoon salt;1 tablespoon baking powder;4 eggs;2 cups white sugar;1 cup vegetable oil;1/4 cup orange juice;1 tablespoon vanilla extract, Preheat an oven to 350 degrees F (175 degrees C). Grease and flour a 10 inch tube pan.  Mix cinnamon  3/4 cup of sugar  and apples in a bowl; set aside. Combine flour  salt  and baking powder in a bowl. Beat the eggs and 2 cups of sugar with an electric mixer until fluffy. Pour in the flour mixture alternately with the oil. Beat in the orange juice and vanilla until smooth and thoroughly mixed. Pour half of the batter into the prepared pan. Layer half of the apples on top. Pour the remaining batter over  then finish by topping with the rest of the apples.  Bake in the preheated oven until a toothpick inserted into the center comes out clean  about 1 hour and 30 minutes to 1 hour and 45 minutes. Cool in the pans for 10 minutes before removing to cool completely on a wire rack.  
Two Ingredient Pumpkin Cake, 30, 1 (18.25 ounce) package spice cake mix;1 (15 ounce) can pumpkin, Preheat the oven to 350 degrees F (175 degrees C). Generously grease a 9x13 inch baking pan.  In a large bowl  mix together the spice cake mix and canned pumpkin until well blended. Spread evenly into the prepared pan.  Bake for 25 to 30 minutes in the preheated oven  or until a knife inserted into the center comes out clean. Cool and serve  or store in the refrigerator. This tastes even better the next day.  
Strawberry Cake from Scratch, 40, 2 cups white sugar;1 (3 ounce) package strawberry flavored Jell-O®;1 cup butter  softened;4 eggs (room temperature);2 3/4 cups sifted cake flour;2 1/2 teaspoons baking powder;1 cup whole milk  room temperature;1 tablespoon vanilla extract;1/2 cup strawberry puree made from frozen sweetened strawberries, Preheat the oven to 350 degrees F (175 degrees C). Grease and flour two 9 inch round cake pans.  In a large bowl  cream together the butter  sugar and dry strawberry gelatin until light and fluffy. Beat in eggs one at a time  mixing well after each. Combine the flour and baking powder; stir into the batter alternately with the milk. Blend in vanilla and strawberry puree. Divide the batter evenly between the prepared pans.  Bake for 25 to 30 minutes in the preheated oven  or until a small knife inserted into the center of the cake comes out clean. Allow cakes to cool in their pans over a wire rack for at least 10 minutes  before tapping out to cool completely.  
Italian Creme Layer Cake, 90, 1 cup buttermilk;1 teaspoon baking soda;2 cups white sugar;1/2 cup butter;1/2 cup vegetable oil;1/2 cup shortening;4 egg yolks;1 teaspoon vanilla extract;4 egg whites;2 cups all-purpose flour;1 (3.5 ounce) package flaked coconut;1 cup chopped pecans;1 (8 ounce) package cream cheese  softened;1/2 cup margarine  softened;4 cups confectioners' sugar;1 teaspoon vanilla extract;1 cup chopped pecans, Preheat oven to 325 degrees F (165 degrees C). Grease three 9 inch  round cake pans. Combine soda and buttermilk  and let stand a few minutes.  In a large bowl  cream sugar  1/2 cup butter  1/2 cup oil and shortening. Add egg yolks one at a time  beating well after each addition. Mix buttermilk mixture alternately with flour into creamed mixture. Stir in 1 teaspoon vanilla.  In a large glass or metal mixing bowl  beat egg whites until stiff peaks form. Fold 1/3 of the whites into the batter  then quickly fold in remaining whites until no streaks remain. Gently stir in 1 cup pecans and coconut.  Pour batter into prepared pans. Bake in the preheated oven for 25 to 30 minutes  or until a toothpick inserted into the center of the cake comes out clean. Allow to cool.  To make the Cream Cheese Frosting: Beat together cream cheese  1/2 cup butter or margarine  1 teaspoon vanilla  and confectioners' sugar. Stir in 1 cup chopped pecans. Frost and fill cooled cake with cream cheese frosting.  
Simple White Cake, 50, 1 cup white sugar;1/2 cup butter;2 eggs;2 teaspoons vanilla extract;1 1/2 cups all-purpose flour;1 3/4 teaspoons baking powder;1/2 cup milk, Preheat oven to 350 degrees F (175 degrees C). Grease and flour a 9x9 inch pan or line a muffin pan with paper liners.  In a medium bowl  cream together the sugar and butter. Beat in the eggs  one at a time  then stir in the vanilla. Combine flour and baking powder  add to the creamed mixture and mix well. Finally stir in the milk until batter is smooth. Pour or spoon batter into the prepared pan.  Bake for 30 to 40 minutes in the preheated oven. For cupcakes  bake 20 to 25 minutes. Cake is done when it springs back to the touch.  
Incredibly Delicious Italian Cream Cake, 95, 1 cup buttermilk;1 teaspoon baking soda;1/2 cup butter;1/2 cup shortening;2 cups white sugar;5 eggs;1 teaspoon vanilla extract;1 cup flaked coconut;1 teaspoon baking powder;2 cups all-purpose flour;8 ounces cream cheese;1/2 cup butter;1 teaspoon vanilla extract;4 cups confectioners' sugar;2 tablespoons light cream;1/2 cup chopped walnuts;1 cup sweetened flaked coconut, Preheat oven to 350 degrees F (175 degrees C). Grease three 9 inch round cake pans. In a small bowl  dissolve the baking soda in the buttermilk; set aside.  In a large bowl  cream together 1/2 cup butter  shortening and white sugar until light and fluffy. Mix in the eggs  buttermilk mixture  1 teaspoon vanilla  1 cup coconut  baking powder and flour. Stir until just combined. Pour batter into the prepared pans.  Bake in the preheated oven for 30 to 35 minutes  or until a toothpick inserted into the center of the cake comes out clean. Allow to cool.  To Make Frosting: In a medium bowl  combine cream cheese  1/2 cup butter  1 teaspoon vanilla and confectioners' sugar. Beat until light and fluffy. Mix in a small amount of cream to attain the desired consistency. Stir in chopped nuts and remaining flaked coconut. Spread between layers and on top and sides of cooled cake.  
Black Magic Cake, 60, 1 3/4 cups all-purpose flour;2 cups white sugar;3/4 cup unsweetened cocoa powder;2 teaspoons baking soda;1 teaspoon baking powder;1 teaspoon salt;2 eggs;1 cup strong brewed coffee;1 cup buttermilk;1/2 cup vegetable oil;1 teaspoon vanilla extract, Preheat oven to 350 degrees F (175 degrees C). Grease and flour two 9 inch round cake pans or one 9x13 inch pan.  In large bowl combine flour  sugar  cocoa  baking soda  baking powder and salt. Make a well in the center.  Add eggs  coffee  buttermilk  oil and vanilla. Beat for 2 minutes on medium speed. Batter will be thin. Pour into prepared pans.  Bake at 350 degrees F (175 degrees C) for 30 to 40 minutes  or until toothpick inserted into center of cake comes out clean. Cool for 10 minutes  then remove from pans and finish cooling on a wire rack. Fill and frost as desired.  
Too Much Chocolate Cake, 0, 1 (18.25 ounce) package devil's food cake mix;1 (5.9 ounce) package instant chocolate pudding mix;1 cup sour cream;1 cup vegetable oil;4 eggs;1/2 cup warm water;2 cups semisweet chocolate chips, Preheat oven to 350 degrees F (175 degrees C).  In a large bowl  mix together the cake and pudding mixes  sour cream  oil  beaten eggs and water. Stir in the chocolate chips and pour batter into a well greased 12 cup bundt pan.  Bake for 50 to 55 minutes  or until top is springy to the touch and a wooden toothpick inserted comes out clean. Cool cake thoroughly in pan at least an hour and a half before inverting onto a plate If desired  dust the cake with powdered sugar.  
Italian Cream Cheese and Ricotta Cheesecake, 375, 2 (8 ounce) packages cream cheese  softened;1 (16 ounce) container ricotta cheese;1 1/2 cups white sugar;4 eggs;1 tablespoon lemon juice;1 teaspoon vanilla extract;3 tablespoons cornstarch;3 tablespoons flour;1/2 cup butter  melted and cooled;1 pint sour cream, Preheat oven to 350 degrees F (175 degrees C). Lightly grease a 9-inch springform pan.  Mix the cream cheese and ricotta cheese together in a mixing bowl until well combined. Stir in the sugar  eggs  lemon juice  vanilla  cornstarch  flour  and butter. Add the sour cream last and stir. Pour the mixture into the prepared springform pan.  Bake in the preheated oven 1 hour; turn oven off and leave in oven 1 hour more. Allow to cool completely in refrigerator before serving.  
Strawberries and Cream Cake, 85, 2 3/4 cups cake flour;2 1/2 teaspoons baking powder;2 cups white sugar;1 (3 ounce) package strawberry flavored Jell-O®;1 cup butter  softened;4 eggs;1 cup milk;1 teaspoon vanilla extract;1/2 cup strawberries  pureed;1 1/2 cups heavy cream;2 tablespoons sugar;1/2 teaspoon vanilla extract;1 1/2 cups fresh strawberries  sliced;1/2 cup margarine  softened;1 (8 ounce) package cream cheese  softened;4 cups confectioners' sugar;2 teaspoons vanilla extract;1 1/2 cups quartered strawberries, Preheat oven to 350 degrees F (175 degrees C). Grease and flour three 9 inch round cake pans.  In a large bowl  beat sugar  gelatin and butter until fluffy. Add eggs one at a time  beating well with each addition. Mix flour and baking powder  and beat alternately with the milk into the sugar mixture. Fold in 1 teaspoon vanilla and pureed strawberries. Divide equally into three 9 inch round cake pans.  Bake 25 minutes in the preheated oven  or until toothpick inserted into cake comes out clean. Cool for 10 minutes in the pans  then remove from pans and cool completely.  To make the filling: Beat whipping cream  2 tablespoons sugar and 1/2 teaspoon vanilla on high until stiff. Fill each layer with 1/3 of the whipped cream and 3/4 cup sliced strawberries.  To make the frosting: Beat the margarine  cream cheese  confectioners' sugar  and vanilla until creamy. Spread over the sides of the cake  and pipe an edge of frosting around the top of the cake.  Spread remaining whipped cream on cake top. Top with quartered strawberries.  
Sam's Famous Carrot Cake, 100, 3 eggs;3/4 cup buttermilk;3/4 cup vegetable oil;1 1/2 cups white sugar;2 teaspoons vanilla extract;2 teaspoons ground cinnamon;1/4 teaspoon salt;2 cups all-purpose flour;2 teaspoons baking soda;2 cups shredded carrots;1 cup flaked coconut;1 cup chopped walnuts;1 (8 ounce) can crushed pineapple with juice;1 cup raisins, Preheat oven to 350 degrees F (175 degrees C). Grease and flour an 8x12 inch pan.  In a medium bowl  sift together flour  baking soda  salt and cinnamon. Set aside.  In a large bowl  combine eggs  buttermilk  oil  sugar and vanilla. Mix well. Add flour mixture and mix well.  In a medium bowl  combine shredded carrots  coconut  walnuts  pineapple and raisins.  Using a large wooden spoon or a very heavy whisk  add carrot mixture to batter and fold in well.  Pour into prepared 8x12 inch pan  and bake at 350 degrees F (175 degrees C) for 1 hour. Check with toothpick.  Allow to cool for at least 20 minutes before serving.  
Chocolate Zucchini Cake III, 65, 2 cups all-purpose flour;2 cups white sugar;3/4 cup unsweetened cocoa powder;2 teaspoons baking soda;1 teaspoon baking powder;1/2 teaspoon salt;1 teaspoon ground cinnamon;4 eggs;1 1/2 cups vegetable oil;3 cups grated zucchini;3/4 cup chopped walnuts, Preheat oven to 350 degrees F (175 degrees C). Grease and flour a 9x13 inch baking pan.  In a medium bowl  stir together the flour  sugar  cocoa  baking soda  baking powder  salt and cinnamon. Add the eggs and oil  mix well. Fold in the nuts and zucchini until they are evenly distributed. Pour into the prepared pan.  Bake for 50 to 60 minutes in the preheated oven  until a knife inserted into the center comes out clean. Cool cake completely before frosting with your favorite frosting.  
Texas Sheet Cake V, 30, 2 cups all-purpose flour;2 cups white sugar;1 teaspoon baking soda;1/2 teaspoon salt;1/2 cup sour cream;2 eggs;1 cup butter;1 cup water;5 tablespoons unsweetened cocoa powder;6 tablespoons milk;5 tablespoons unsweetened cocoa powder;1/2 cup butter;4 cups confectioners' sugar;1 teaspoon vanilla extract;1 cup chopped walnuts (optional), Preheat oven to 350 degrees F (175 degrees C). Grease and flour a 10x15 inch pan.  Combine the flour  sugar  baking soda and salt. Beat in the sour cream and eggs. Set aside. Melt the butter on low in a saucepan  add the water and 5 tablespoons cocoa. Bring mixture to a boil then remove from heat. Allow to cool slightly  then stir cocoa mixture into the egg mixture  mixing until blended.  Pour batter into prepared pan. Bake in the preheated oven for 20 minutes  or until a toothpick inserted into the center comes out clean.  For the icing: In a large saucepan  combine the milk  5 tablespoons cocoa and 1/2 cup butter. Bring to a boil  then remove from heat. Stir in the confectioners' sugar and vanilla  then fold in the nuts  mixing until blended. Spread frosting over warm cake.  
Red Velvet Cake, 145, Cake:;1/2 cup shortening;1 1/2 cups white sugar;2 eggs;2 tablespoons cocoa;4 tablespoons red food coloring;1 teaspoon salt;1 teaspoon vanilla extract;1 cup buttermilk;2 1/2 cups sifted all-purpose flour;1 1/2 teaspoons baking soda;1 tablespoon distilled white vinegar;Icing:;5 tablespoons all-purpose flour;1 cup milk;1 cup white sugar;1 cup butter  room temperature;1 teaspoon vanilla extract, Preheat oven to 350 degrees F (175 degrees C). Grease two 9-inch round pans.  Beat shortening and 1 1/2 cups sugar until very light and fluffy. Add eggs and beat well.  Make a paste of cocoa and red food coloring; add to creamed mixture. Mix salt  1 teaspoon vanilla  and buttermilk together. Add the flour to the batter  alternating with the buttermilk mixture  mixing just until incorporated. Mix soda and vinegar and gently fold into cake batter. Don't beat or stir the batter after this point.  Pour batter into prepared pans. Bake in preheated oven until a tester inserted into the cake comes out clean  about 30 minutes. Cool cakes completely on wire rack.  To Make Icing: Cook 5 tablespoons flour and milk over low heat till thick  stirring constantly. Let cool completely! While mixture is cooling  beat 1 cup sugar  butter  and 1 teaspoon vanilla until light and fluffy. Add cooled flour mixture and beat until frosting is a good spreading consistency. Frost cake layers when completely cool.  
G.G.'s Chocolate Sheet Cake, 110, 2 cups white sugar;2 cups all-purpose flour;1 cup butter  melted;1 cup water;3 tablespoons unsweetened cocoa powder;1 teaspoon baking soda;1/2 cup buttermilk;2 eggs;1 teaspoon vanilla extract;1/2 cup butter;3 tablespoons unsweetened cocoa powder;5 tablespoons milk;1 (16 ounce) box confectioners' sugar;1 cup chopped pecans, Preheat an oven to 350 degrees F (175 degrees C). Grease an 11x17 jelly roll pan.  Mix white sugar and flour in a large bowl. Combine 1 cup butter  water  and 3 tablespoons cocoa powder in a small saucepan; stir over medium heat until butter is melted and mixture is well combined. Pour melted butter mixture over sugar and flour; beat well. Beat in baking soda  buttermilk  eggs  and vanilla extract. Pour batter into prepared pan.  Bake in preheated oven until a toothpick inserted into the center of cake comes out clean  20 to 25 minutes. Remove from oven and allow to cool on a wire rack.  Combine remaining 1/2 cup butter  3 tablespoons cocoa powder  and milk in a small saucepan; stir over medium heat until butter is melted and mixture is well combined. Beat powdered sugar into the butter mixture  mixing until frosting is smooth. Stir pecans into frosting and pour over cooled cake.  
White Texas Sheet Cake, 40, 1 cup butter;1 cup water;2 cups all-purpose flour;2 cups white sugar;2 eggs;1/2 cup sour cream;1 teaspoon almond extract;1/2 teaspoon salt;1 teaspoon baking soda;Frosting:;1/2 cup butter;1/4 cup milk;4 1/2 cups confectioners' sugar;1/2 teaspoon almond extract;1 cup chopped pecans, Preheat oven to 375 degrees F (190 degrees C).  In a large saucepan  bring 1 cup butter and water to a boil. Remove from heat  and stir in flour  sugar  eggs  sour cream  1 teaspoon almond extract  salt  and baking soda until smooth. Pour batter into a greased 10x15-inch baking pan.  Bake in the preheated oven for 20 to 22 minutes  or until cake is golden brown and tests done. Cool for 20 minutes.  Combine 1/2 cup butter and milk in a saucepan; bring to a boil. Remove from heat. Mix in sugar  and 1/2 teaspoon almond extract. Stir in pecans. Spread frosting over warm cake.  
One Bowl Chocolate Cake III, 60, 2 cups white sugar;1 3/4 cups all-purpose flour;3/4 cup unsweetened cocoa powder;1 1/2 teaspoons baking powder;1 1/2 teaspoons baking soda;1 teaspoon salt;2 eggs;1 cup milk;1/2 cup vegetable oil;2 teaspoons vanilla extract;1 cup boiling water, Preheat oven to 350 degrees F (175 degrees C). Grease and flour two nine inch round pans.  In a large bowl  stir together the sugar  flour  cocoa  baking powder  baking soda and salt. Add the eggs  milk  oil and vanilla  mix for 2 minutes on medium speed of mixer. Stir in the boiling water last. Batter will be thin. Pour evenly into the prepared pans.  Bake 30 to 35 minutes in the preheated oven  until the cake tests done with a toothpick. Cool in the pans for 10 minutes  then remove to a wire rack to cool completely.  
Peanut Butter Sheet Cake, 45, 2 cups all-purpose flour;2 cups white sugar;1/2 teaspoon baking soda;1/4 teaspoon salt;1 cup water;3/4 cup butter or margarine  softened;1/2 cup peanut butter;1/4 cup vegetable oil;2 eggs;1/2 cup buttermilk;1 teaspoon vanilla extract;2/3 cup white sugar;1/3 cup evaporated milk;1 tablespoon butter or margarine;1/3 cup chunky peanut butter;1/3 cup miniature marshmallows;1/2 teaspoon vanilla extract, Preheat the oven to 350 degrees F (175 degrees C). Grease a 10x15x1 inch jellyroll pan.  In a large bowl  stir together the flour  2 cups sugar  baking soda and salt. Set aside. Combine the water and 3/4 cup of butter in a saucepan  and bring to a boil. Remove from the heat and stir in 1/2 cup peanut butter and vegetable oil until well blended. Stir this mixture into the dry ingredients. Combine the eggs  buttermilk and vanilla; stir into the peanut butter mixture until well blended. Spread the batter evenly in the prepared pan.  Bake for 18 to 26 minutes in the preheated oven  or until a toothpick inserted near the center comes out clean.  While the cake bakes  place 2/3 cup sugar  evaporated milk  and butter in a saucepan. Bring to a boil  stirring constantly. Cook stirring for 2 minutes. Remove from heat and stir in the peanut butter  marshmallows and vanilla until marshmallows are melted and the mixture is smooth.  Spoon the frosting over the warm cake and spread in an even layer. Allow to cool before cutting and serving.  
Aunt Connie's Coconut Cake, 170, 3 cups all-purpose flour;1/4 teaspoon salt;1/4 teaspoon baking soda;1 1/2 cups butter  softened;3 cups white sugar;6 eggs;1 cup sour cream;1 teaspoon vanilla extract;1 (7 ounce) package sweetened flaked coconut;1 cup milk;2 tablespoons cornstarch;1 cup white sugar;1/2 cup butter  softened;1/2 cup solid vegetable shortening;2 teaspoons vanilla extract;1/2 (7 ounce) package sweetened flaked coconut, Preheat oven to 300 degrees F (150 degrees C).  Grease a 10-inch tube pan.  Combine flour  salt  and baking soda in a bowl.  Beat 1 1/2 cup butter and 3 cups sugar with an electric mixer in a large bowl until light and fluffy. The mixture should be noticeably lighter in color.  Beat eggs one at a time into butter mixture  allowing each egg to blend completely before adding the next. Beat in sour cream and 1 teaspoon vanilla extract with the last egg.  Gradually stir flour mixture into egg mixture  mixing until just incorporated.  Fold in 7 ounces flaked coconut  mixing just enough to evenly combine. Pour the batter into prepared pan.  Bake in the preheated oven until a toothpick inserted into the center comes out clean  about 90 minutes. Cool in the pan for 10 minutes before removing to cool completely on a wire rack.  Whisk milk and cornstarch in a saucepan over medium heat until mixture becomes very thick  stirring constantly  about 5 minutes; set aside to cool completely.  Beat 1 cup sugar  1/2 cup butter  and shortening with an electric mixer in a bowl until mixture is smooth and creamy.  Beat cooled milk paste and 2 teaspoons vanilla extract into sugar mixture to achieve a light and creamy frosting.  Spread frosting over completely cooled cake and sprinkle remaining 3 1/2 ounces flaked coconut over the frosting.  
Coconut Cream Pound Cake, 95, 1 cup butter  softened;1 (8 ounce) package cream cheese  softened;3 cups white sugar;6 eggs;1 teaspoon coconut extract;3 cups all-purpose flour;1/2 teaspoon baking powder;2 cups flaked coconut, Preheat the oven to 325 degrees F (165 degrees C). Grease and flour a 10 inch tube pan.  In a large bowl  cream together the butter and cream cheese until well blended. Add sugar  and beat until light and fluffy. Blend in the eggs one at a time  then stir in the coconut extract. Mix in flour and baking powder until just moistened  then stir in coconut. Spoon batter into the prepared pan.  Bake for 1 hour and 20 minutes in the preheated oven  until a knife inserted into the cake comes out clean. Allow the cake to cool in the pan for 10 minutes before inverting onto a cooling rack.  
Banana Nut Coconut Cake, 165, Banana Nut Coconut Cake:;1 1/2 cups white sugar;1/2 cup butter  softened;2 eggs;3 ripe bananas  mashed;2 cups all-purpose flour;1 teaspoon baking soda;1/4 cup buttermilk;1 teaspoon vanilla extract;1 cup chopped pecans;1 cup shredded coconut;Banana Nut Frosting:;1/2 cup butter  softened;4 cups confectioners' sugar;1 ripe banana  mashed;1 cup chopped pecans;1 cup shredded coconut;1 teaspoon vanilla extract, Preheat oven to 350 degrees F (175 degrees C). Grease and flour two 9-inch round cake pans or one 9x13-inch pan.  In a medium bowl  cream together white sugar and 1/2 cup butter. Mix in eggs and 3 mashed bananas.  Sift together flour and baking soda in a separate bowl. Add to the creamed mixture alternately with buttermilk  mixing well after each addition. Blend in 1 teaspoon vanilla extract. Fold in 1 cup of pecans and 1 cup coconut. Pour batter into prepared pans.  Bake in the preheated oven until a tester inserted in the center comes out clean  about 45 minutes. Cool completely on wire racks.  To Make Frosting: Cream together 1/2 cup butter and confectioners' sugar until light and fluffy. Mix in 1 medium mashed banana  1 cup pecans  1 cup coconut and 1 teaspoon vanilla.  
Coconut Cake IV, 90, 2 cups all-purpose flour;1 tablespoon baking powder;1 teaspoon salt;1 cup butter  room temperature;2 cups white sugar;5 eggs  room temperature;1 teaspoon coconut extract;1 cup buttermilk  room temperature;1 cup flaked coconut, Preheat oven to 350 degrees F (175 degrees C). Grease and flour a 10-inch tube pan.  Mix flour  baking powder  and salt together and set aside.  Beat butter and sugar with an electric mixer in a large bowl until light and fluffy. The mixture should be noticeably lighter in color. Add the room-temperature eggs one at a time  allowing each egg to blend into the butter mixture before adding the next. Mix in coconut extract.  Pour in the flour mixture alternately with the buttermilk  mixing until just incorporated. Fold in coconut  mixing just enough to evenly combine. Pour batter into prepared pan.  Bake at 350 degrees F (175 degrees C) for 1 hour  or until a toothpick inserted into the cake comes out clean.  
Devil's Food Cake I, 0, 1/2 cup butter;3 (1 ounce) squares unsweetened chocolate;2 cups white sugar;2 eggs;1 cup water;2 1/4 cups all-purpose flour;1 1/2 teaspoons baking soda;1/4 teaspoon salt;1/4 cup milk;1 teaspoon distilled white vinegar, Preheat oven to 350 degrees F (175 degrees C). Lightly grease and flour one 9x13 inch pan or two 9 inch round pans.  In a small pan melt the butter or margarine with the unsweetened chocolate. Set aside to cool slightly.  Cream together the sugar and the eggs until light in color. Add the chocolate mixture to the eggs and temper mixture by beating well (so you don't end up with scrambled eggs!) Add 1 cup boiled water (still warm) and blend well. Mixture will be very liquid.  Mix together the flour  baking soda  and salt. Add this mixture to the chocolate mixture and blend well.  Mix together the vinegar and the milk and stir into the chocolate batter. Pour into prepared pan(s).  Bake at 350 degrees F (175 degrees C) for 30 minutes or until a toothpick inserted in the center comes out clean. Cake divides well for filling with mousse  or ganache  or black forest fillings. The best clue to this cake being nearly done is that you will start to smell the aroma of chocolate filling your house!  
Peanut Butter Fudge Cake, 0, 2 cups all-purpose flour;2 cups white sugar;1 teaspoon baking soda;1 cup butter;1/2 cup unsweetened cocoa powder;1 cup buttermilk;2 eggs  beaten;1 teaspoon vanilla extract;1 1/2 cups creamy peanut butter;1/2 cup butter;1/4 cup unsweetened cocoa powder;1/3 cup buttermilk;4 cups sifted confectioners' sugar;1 teaspoon vanilla extract, Combine flour  white sugar  and baking soda in a large mixing bowl; set aside.  Melt 1 cup butter or margarine in a heavy saucepan; stir in 1/2 cup cocoa. Stir in buttermilk  and eggs until well blended. Cook over medium heat  stirring constantly  until mixture boils. Remove from heat. Mix into flour mixture  stirring until smooth. Stir in 1 teaspoon vanilla. Pour batter into a greased and floured 13 x 9 inch baking pan.  Bake at 350 degrees F (175 degrees C) for 20 to 25 minutes  or until an inserted wooden pick comes out clean. Cool 10 minutes on a wire rack. Carefully spread peanut butter over warm cake. Cool completely.  To Make Frosting: Combine 1/2 cup butter or margarine  1/4 cup cocoa  and buttermilk in a small sauce pan. Bring to a boil over medium heat  stirring constantly. Pour over confectioners' sugar  stirring until smooth. Stir in 1 teaspoon vanilla. Spread chocolate frosting over peanut butter on cake. Cut into squares.  
Black Magic Cake, 60, 1 3/4 cups all-purpose flour;2 cups white sugar;3/4 cup unsweetened cocoa powder;2 teaspoons baking soda;1 teaspoon baking powder;1 teaspoon salt;2 eggs;1 cup strong brewed coffee;1 cup buttermilk;1/2 cup vegetable oil;1 teaspoon vanilla extract, Preheat oven to 350 degrees F (175 degrees C). Grease and flour two 9 inch round cake pans or one 9x13 inch pan.  In large bowl combine flour  sugar  cocoa  baking soda  baking powder and salt. Make a well in the center.  Add eggs  coffee  buttermilk  oil and vanilla. Beat for 2 minutes on medium speed. Batter will be thin. Pour into prepared pans.  Bake at 350 degrees F (175 degrees C) for 30 to 40 minutes  or until toothpick inserted into center of cake comes out clean. Cool for 10 minutes  then remove from pans and finish cooling on a wire rack. Fill and frost as desired.  
Best Moist Chocolate Cake, 50, 1 cup margarine;1 3/4 cups white sugar;3 eggs;1 1/2 teaspoons vanilla extract;1 1/2 cups milk;2 1/2 cups all-purpose flour;6 tablespoons unsweetened cocoa powder;1 1/2 teaspoons baking soda;1 teaspoon salt, Preheat oven to 350 degrees F (175 degrees C). Grease and flour a 9x13 inch pan. Sift together the flour  cocoa  baking soda and salt. Set aside.  In a large bowl  cream together the margarine and sugar until light and fluffy. Beat in the eggs one at a time  then stir in the vanilla. Beat in the flour mixture alternately with the milk  mixing just until incorporated. Pour batter into prepared pan.  Bake in the preheated oven for 40 to 45 minutes  or until a toothpick inserted into the center of the cake comes out clean. Allow to cool.  
Cream Filled Cupcakes, 50, 3 cups all-purpose flour;2 cups white sugar;1/3 cup unsweetened cocoa powder;2 teaspoons baking soda;1 teaspoon salt;2 eggs;1 cup milk;1 cup water;1 cup vegetable oil;1 teaspoon vanilla extract;1/4 cup butter;1/4 cup shortening;2 cups confectioners' sugar;1 pinch salt;3 tablespoons milk;1 teaspoon vanilla extract, Preheat oven to 375 degrees F (190 degrees C). Line 36 muffin cups with paper liners.  In a large bowl  mix together the flour  sugar  cocoa  baking soda and 1 teaspoon salt. Make a well in the center and pour in the eggs  1 cup milk  water  oil and 1 teaspoon vanilla. Mix well. Fill each muffin cup half-full of batter.  Bake in the preheated oven for 15 to 20 minutes  or until a toothpick inserted into the center of the cake comes out clean. Allow to cool.  Make filling: In a large bowl  beat butter and shortening together until smooth. Blend in confectioners' sugar and pinch of salt. Gradually beat in 3 tablespoons milk and 1 teaspoon vanilla. beat until light and fluffy. Fill a pastry bag with a small tip. Push tip through bottom of paper liner to fill each cupcake.  
Red Velvet Cake IV, 0, 1 cup butter  softened;3 cups white sugar;6 eggs;1 ounce red food coloring;3 tablespoons unsweetened cocoa powder;3 cups all-purpose flour;1 cup buttermilk;1 teaspoon vanilla extract;1/2 teaspoon salt;1 teaspoon baking soda;1 tablespoon white vinegar;2 (8 ounce) packages cream cheese;12 ounces white chocolate;1 cup butter  softened, Preheat oven to 325 degrees F (165 degrees C). Grease and flour three 8 inch pans.  In a large bowl  cream 1 cup butter with sugar. Add eggs one at a time  beating well after each addition. Mix food coloring with cocoa and add to mixture.  Add flour alternately with buttermilk. Add vanilla and salt.  Mix baking soda with vinegar  and gently stir into mixture. Be careful not to over mix.  Divide batter into three prepared 8 inch round pans. Bake at 325 degrees F (165 degrees C) for 25 minutes. Allow to cool.  To make the White Chocolate Cream Cheese Icing: Melt the white chocolate and allow to cool to lukewarm. In a large bowl  beat the cream cheese until light and fluffy. Gradually beat in melted white chocolate and softened butter. Beat until it is the consistency of whipped cream  then use to fill and frost the cake.  
Black Chocolate Cake, 40, 2 cups all-purpose flour;2 cups white sugar;2 teaspoons baking soda;2 teaspoons baking powder;1 cup unsweetened cocoa powder;1 pinch salt;2/3 cup shortening;2 cups boiling water;2 eggs  beaten;2 teaspoons vanilla extract, Preheat oven to 350 degrees F (175 degrees C). Grease and flour a 9x13 inch pan. Sift together the flour  sugar  baking soda  baking powder  cocoa and salt. Set aside.  Melt the shortening in the boiling water  then stir into the flour mixture until blended. Beat in the eggs  then stir in the vanilla.  Pour batter into prepared pan. Bake in the preheated oven for 30 minutes  or until a toothpick inserted into the center of the cake comes out clean. Allow to cool.  
Grandma's Eggless  Butterless  Milkless Cake, 0, 3 cups all-purpose flour;2 cups white sugar;6 tablespoons unsweetened cocoa powder;2 teaspoons baking soda;2 teaspoons baking powder;2/3 cup vegetable oil;2 cups water;2 tablespoons distilled white vinegar;2 teaspoons vanilla extract, In a large bowl  combine all the dry ingredients together.  Combine all the wet ingredients together in another bowl.  Pour the liquid ingredients all at once into the dry ingredients  and beat until smooth.  Pour batter into a greased 9 x 13 inch pan.  Bake in a preheated 350 degrees F (175 degrees C) oven for 20-25 minutes. Let cool in pan. When cool sprinkle with confectioners' sugar.  
Fourteen Layer Chocolate Cake, 50, 1/2 cup shortening;1/2 cup butter;2 cups white sugar;6 eggs;3 cups milk;3 cups self-rising flour;2 teaspoons vanilla extract;3 cups white sugar;1 cup butter;1/2 cup unsweetened cocoa powder;1/4 cup water;2 cups evaporated milk, Preheat oven to 350 degrees F (175 degrees C). Grease and flour 4 or 5 - 8 inch round cake pans.  In a large bowl  cream together the shortening  1/2 cup butter and 2 cups sugar until light and fluffy. Add the eggs one at a time  beating well with each addition  then stir in the vanilla. Add the flour alternately with the 3 cups milk; beat well. Pour 1/4 cup of batter into each prepared pan  and spread evenly. You will need to bake the layers in two or three batches.  Bake for 5 to 7 minutes in the preheated oven  just until the layers are dried out. Do not brown.  To make the frosting: In a saucepan over medium heat  combine 3 cups sugar  1 cup butter  cocoa  water and 2 cups evaporated milk. Bring the mixture to a rolling boil  stirring frequently  then boil for 2 minutes. Remove from heat and beat for one minute with an electric mixer. Stack cake layers with icing in between  letting the icing run down the sides of the cake. Smooth the sides and top with the remaining icing.  
Dobos Torte, 180, 9 egg whites;8 egg yolks;1 cup white sugar;1/4 cup milk;1 tablespoon lemon zest;1 pinch salt;1 1/2 teaspoons vanilla extract;1 1/2 cups sifted all-purpose flour;1/2 tablespoon shortening;1 cup white sugar;1 recipe Chocolate Buttercream, Preheat oven to 400 degrees F (205 degrees C). Have ready two 10-inch cardboard circles. Generously grease a 9-inch springform pan with soft butter  and dust with flour.  Beat the egg whites until frothy  and gradually add 1 cup sugar. Beat just to soft peaks. In another bowl  beat the yolks with the milk  lemon peel  vanilla  and salt. Fold this into the egg whites. Sift the flour over the egg mixture  and fold in.  Spread 1 1/3 cups batter into the prepared pan. Bake for about 5 to 9 minutes  or until small  brown spots begin to appear on cake. Remove the cake from the oven  and remove layer from pan with a spatula. Dust the cake lightly with flour  and place on a rack to cool. Grease pan again  and repeat this process until all of the batter is used  about 6 times more. Place the layers between wax paper  and cover with a towel. Chill layers for a few hours. Make the Chocolate Buttercream.  Layer the chilled layers on one of the cardboard rounds with the buttercream. Start with one layer; cover with the buttercream  and then press down with another layer to make a good seal. Repeat this with the remaining layers  but reserve one layer. Wrap the cake in plastic  and chill for at least 6 hours along with the remaining buttercream. Grease the other cardboard round with the shortening  and place the last layer on it.  Place 1 cup sugar into a non-stick skillet over medium heat. Allow sugar to cook until the edges look melted and brown. Begin stirring with a wooden spoon. Cook until the sugar become an amber color  and is smooth. Carefully pour the caramel over the top of the last layer  and spread to the edges with an oiled knife. Quickly  using an oiled knife  indent the top of the caramel into 16 wedges. Allow to cool slightly  and then retouch the indents with the knife again. Place layer onto a counter top dusted with sugar  and allow the caramel to cool completely.  Place some more buttercream on top of the chilled torte  and top with the caramel round. Frost the sides with the remaining buttercream. Chill the torte before serving.  
Chocolate Cinnamon Hazelnut Meringue Cake, 0, 6 egg whites;7/8 cup white sugar;3/4 cup sifted confectioners' sugar;1/2 teaspoon ground cinnamon;1 tablespoon cornstarch;3/4 cup ground hazelnuts;4 (1 ounce) squares semisweet chocolate  chopped;1 1/4 cups heavy whipping cream;1 tablespoon sifted confectioners' sugar;1 teaspoon unsweetened cocoa powder, Preheat oven to 250 degrees F (125 degrees C). Line three baking sheets with parchment paper. With a pencil  draw 5 circles 9 inches in diameter on the parchment paper. It is best to trace around a cake pan or large saucepan.  In a large clean bowl  whip the egg whites until soft peaks form. Gradually add the 3/4 cup plus 2 tablespoons of white sugar and beat until stiff peaks form. Sift together the 3/4 cup confectioners' sugar  cinnamon and corn starch  toss them together with the ground hazelnuts  then carefully fold them into the egg white mixture. Divide the mixture evenly between the 5 circles  and spread the meringue out to the edge of the drawn circle.  Bake for 3 to 4 hours in the preheated oven  until the meringue is completely dried out. Cool on wire racks.  Melt the semi-sweet chocolate over a double boiler until smooth. Spread over parchment paper or waxed paper into a 12x10 inch rectangle. When chocolate is set  cut the rectangle crosswise into 10-1 inch strips. Cut 8 of the strips into thirds. Cut the remaining strips into fourths. Set aside.  To make the filling  whip the heavy whipping cream with the 1 tablespoon of confectioners' sugar until stiff. Spread whipped cream over all of the meringue layers. Using one of your prettiest plates  stack the layers on top of one another. Use 2/3 of the remaining whipped cream to spread around the outside edge of the cake. Put the rest of the whipped cream into a pastry bag and pipe rosettes around the edge. Place the 24 long chocolate strips vertically around the sides of the cake. Arrange the remaining pieces of chocolate on the top in the design of your choice. Dust the cake with cocoa powder for a dramatic finish  and serve as soon as possible  as the meringue will soak up moisture from the whipped cream.  
Brownie Torte, 0, 1/2 cup butter;1/2 cup light corn syrup;1 cup semisweet chocolate chips;1/2 cup white sugar;3 eggs;1 teaspoon vanilla extract;1 cup all-purpose flour;1 cup chopped walnuts;1/2 cup semisweet chocolate chips;2 tablespoons butter;1 tablespoon light corn syrup;1 teaspoon vanilla extract;2 cups sliced fresh strawberries (optional), Butter and flour a 9 inch round cake pan.  In a pan over low heat  melt 1/2 cup butter and 1/2 cup light corn syrup.  Stir in 1 cup chocolate chips until melted.  Remove from heat and add sugar and eggs  and stir until blended.  Stir in 1 teaspoon vanilla   flour  and nuts.  Pour into pan. Bake at 350 degrees F (175 degrees C) for 30 minutes  or until center springs back when touched.  Cool in pan 10 minutes. Then place on a cooling rack.  To Make Glaze: Combine chocolate chips  2 tablespoons butter or margarine and corn syrup in pan. Stir over low heat till chocolate chips are melted. Remove from heat. Stir in vanilla.  Frost tops and sides of torte. Chill until set. Garnish with sliced strawberries.  
Black Forest Cake II, 130, 1 2/3 cups all-purpose flour;2/3 cup unsweetened cocoa powder;1 1/2 teaspoons baking soda;1 teaspoon salt;1/2 cup shortening;1 1/2 cups white sugar;2 eggs;1 teaspoon vanilla extract;1 1/2 cups buttermilk;1/2 cup kirschwasser;1/2 cup butter;3 1/2 cups confectioners' sugar;1 pinch salt;1 teaspoon strong brewed coffee;2 (14 ounce) cans pitted Bing cherries  drained;2 cups heavy whipping cream;1/2 teaspoon vanilla extract;1 tablespoon kirschwasser;1 (1 ounce) square semisweet chocolate, Preheat oven to 350 degrees F (175 degrees C). Line the bottoms of two 8 inch round pans with parchment paper circles. Sift together flour  cocoa  baking soda and 1 teaspoon salt. Set aside.  Cream shortening and sugar until light and fluffy. Beat in eggs and vanilla. Beat in flour mixture  alternating with buttermilk  until combined. Pour into 2 round 8 inch pans.  Bake at 350 degrees F (175 degrees C) for 35 to 40 minutes  or until a toothpick inserted into the cake comes out clean. Cool completely. Remove paper from the cakes. Cut each layer in half  horizontally  making 4 layers total. Sprinkle layers with the 1/2 cup kirshwasser.  In a medium bowl  cream the butter until light and fluffy. Add confectioners sugar  pinch of salt  and coffee; beat until smooth. If the consistency is too thick  add a couple teaspoons of cherry juice or milk. Spread first layer of cake with 1/3 of the filling. Top with 1/3 of the cherries. Repeat with the remaining layers.  In a separate bowl  whip the cream to stiff peaks. Beat in 1/2 teaspoon vanilla and 1 tablespoon kirshwasser. Frost top and sides of cake. Sprinkle with chocolate curls made by using a potato peeler on semisweet baking chocolate.  
Chocolate Torte, 0, 1 (18.25 ounce) package dark chocolate cake mix;1 cup heavy whipping cream;1 (8 ounce) package cream cheese;2/3 cup packed brown sugar;1 teaspoon vanilla extract;1 (1 ounce) square unsweetened chocolate, Prepare and bake chocolate cake as directed on package. Bake in 2 - 9 inch round pans. Allow cakes to cool. When cakes are cool  cut each one in half with a long serrated knife  making four layers.  In a large bowl  combine cream cheese  brown sugar and vanilla. Beat until soft.  In a separate bowl  whip cream to soft peaks  then fold into cream cheese mixture.  Place the bottom layer of cake on the serving plate. Spread 1/4 of the filling on cake layer  then continue to stack up layers with 1/4 of the filling on each layer. Finish top with the final 1/4 of filling and grate the chocolate on top. Refrigerate for 6 hours before serving.  
Opera, 180, JOCONDE BISCUIT;12 egg whites;3/4 cup white sugar;10 eggs  beaten;1 1/4 cups ground blanched almonds;1 1/4 cups confectioners' sugar;1 cup pastry flour;3 tablespoons butter  melted;COFFEE BUTTERCREAM;1 1/4 cups white sugar;3/8 cup water;3 egg whites;1 1/4 cups butter  room temperature;1 dash coffee-flavored extract;GANACHE;2 1/2 cups heavy cream;2 1/2 cups semisweet chocolate  chopped;COFFEE SYRUP;1 cup white sugar;1 cup water;1/2 teaspoon instant coffee granules, Preheat oven to 350 degrees F (175 degrees C). Line the bottom of two 10x15 inch pans with parchment paper.  In a large bowl  beat 12 egg whites  gradually adding 3/4 cup sugar  until stiff. In a separate bowl  beat together 10 eggs  ground almonds  confectioners' sugar and pastry flour until smooth. Stir in melted butter. Fold in beaten egg whites. Spread batter evenly in prepared pans.  Bake in preheated oven 10 minutes  or until center springs back when lightly touched. Invert cakes onto wire racks and remove parchment. Let cool completely.  For the buttercream  combine 1 1/4 cups sugar and 3/8 cup water in a small saucepan over medium heat. Heat to between 234 and 240 degrees F (112 to 116 degrees C)  or until a small amount of syrup dropped into cold water forms a soft ball that flattens when removed from the water and placed on a flat surface.  While the syrup is heating  begin beating the 3 egg whites with an electric mixer on medium speed. When syrup is ready  increase mixer speed to high  and pour syrup into egg whites in a thin stream. Continue to beat until mixture is room temperature. Beat in butter  a little at a time  and coffee extract until smooth.  For the ganache  bring cream to a boil in a small saucepan over medium heat. Pour over chopped chocolate and stir until all is melted. Let cool in refrigerator.  To make the coffee syrup  combine 1 cup sugar with 1 cup water in a small saucepan. Bring to a boil  then reduce heat and simmer 1 minute more. Stir in instant coffee until dissolved.  To assemble the dessert: Cut each sheet of cake in half. You will use 3 halves for the layers of the Opera -- reserve the fourth for another dessert. Place one cake layer on a flat plate. Soak with half of the coffee syrup. Spread with half the ganache to make an even layer about as thick as the cake layer. Top with another layer of cake  soak it with coffee syrup  and spread an even layer of buttercream over that. Top with third cake layer. Chill in refrigerator 1 hour.  To finish  heat remaining ganache in a double boiler over simmering water until liquid. Place Opera on a rack over parchment paper and pour ganache over top  completely covering surface  using a spatula to spread if necessary. Chill in refrigerator until ganache is firm  then trim sides of Opera and cut into 8 slices to serve.  
Lite Carrot Cake, 0, 1 cup cake flour;1 cup whole wheat flour;1 cup packed brown sugar;1/2 cup white sugar;1 teaspoon baking powder;1 teaspoon baking soda;1 1/2 teaspoons ground cinnamon;3 eggs;1/3 cup vegetable oil;2/3 cup buttermilk;1 1/2 cups grated carrots, Preheat oven to 350 degrees F (175 degrees C). Lightly grease and flour one 9x13 inch pan or two 9 inch round cake pans.  Separate eggs and beat egg whites until frothy  then continue whipping and gradually add 1/2 cup of the white sugar. Beat until stiff.  In a large bowl combine; the cake flour  wheat flour  brown sugar  baking powder  baking soda  and cinnamon  mix until blended. Add the oil and the buttermilk and mix well. Add the egg yolks and mix well. Fold in the egg whites and then the carrots. Pour batter into prepared pan.  Bake at 350 degrees F (175 degrees C) for 25 to 35 minutes. Cool and frost with your favorite Cream Cheese frosting using light cream cheese.  
Carrot Pineapple Cake I, 75, 2 cups all-purpose flour;2 teaspoons baking soda;1 teaspoon baking powder;1 teaspoon salt;2 teaspoons ground cinnamon;1 3/4 cups white sugar;1 cup vegetable oil;3 eggs;1 teaspoon vanilla extract;2 cups shredded carrots;1 cup flaked coconut;1 cup chopped walnuts;1 (8 ounce) can crushed pineapple  drained;1 (8 ounce) package cream cheese;1/4 cup butter  softened;2 cups confectioners' sugar, Preheat oven to 350 degrees F (175 degrees C). Grease and flour a 9x13 inch pan.  Mix flour  baking soda  baking powder  salt and cinnamon. Make a well in the center and add sugar  oil  eggs and vanilla. Mix with wooden spoon until smooth. Stir in carrots  coconut  walnuts and pineapple.  Pour into 9x13 inch pan. Bake at 350 degrees for about 45 minutes. Don't panic  the center will sink a little. Allow to cool.  To make the frosting: Cream the butter and cream cheese until smooth. Add the confectioners sugar and beat until creamy.  
Carrot Cake XI, 60, 2 cups all-purpose flour;2 teaspoons baking powder;2 teaspoons baking soda;1/2 teaspoon salt;2 teaspoons ground cinnamon;2 cups white sugar;4 eggs;1 1/3 cups vegetable oil;4 cups grated carrots;3/4 cup chopped walnuts, Preheat oven to 350 degrees F (175 degrees C). Grease and flour a 9x13 inch pan. Sift together the flour  baking powder  baking soda  salt and cinnamon. Set aside.  In a large bowl  mix together the sugar and eggs until thick and pale. Stir in the oil  then gradually mix in the sifted dry ingredients. Fold in the carrots and nuts. Spread evenly into the prepared pan.  Bake for 40 to 45 minutes in the preheated oven  or until a toothpick inserted into the cake comes out clean. When cool  frost with your favorite Cream Cheese Frosting.  
Isaac's Carrot Cake, 55, 3 cups all-purpose flour;2 cups white sugar;2 1/2 teaspoons baking soda;2 1/2 teaspoons ground cinnamon;1 teaspoon salt;1/4 teaspoon ground nutmeg;2 cups shredded carrots;1 (11 ounce) can mandarin oranges  drained;1 1/4 cups vegetable oil;3 eggs;2 teaspoons vanilla extract;1 teaspoon grated orange zest, Preheat oven to 350 degrees F (175 degrees C). Grease a 9x13x2-inch baking dish.  Whisk flour  sugar  baking soda  ground cinnamon  salt  and nutmeg together in a bowl. Beat carrots  mandarin oranges  oil  eggs  vanilla extract  and orange zest into flour mixture with an electric mixer until batter is smooth  about 2 minutes. Pour batter into prepared baking dish.  Bake in the preheated oven until a toothpick inserted into the center of the cake comes out clean  40 to 50 minutes.  
Carrot Cake, 120, 2 cups white sugar;3/4 cup vegetable oil;3 eggs;1 teaspoon vanilla extract;3/4 cup buttermilk;2 cups grated carrots;1 cup flaked coconut;1 (15 ounce) can crushed pineapple  drained;2 cups all-purpose flour;2 teaspoons baking soda;2 teaspoons ground cinnamon;1 1/2 teaspoons salt;1 cup chopped walnuts;1/2 cup butter;1 (8 ounce) package cream cheese;1 teaspoon vanilla extract;4 cups confectioners' sugar, Preheat oven to 350 degrees F (175 degrees C). Grease a 9x13 inch baking pan. Set aside.  In a large bowl  mix together sugar  oil  eggs  vanilla  and buttermilk. Stir in carrots  coconut  vanilla  and pineapple. In a separate bowl  combine flour  baking soda  cinnamon  and salt; gently stir into carrot mixture. Stir in chopped nuts. Spread batter into prepared pan.  Bake for 55 minutes or until toothpick inserted into cake comes out clean. Remove from oven  and set aside to cool.  In a medium mixing bowl  combine butter or margarine  cream cheese  vanilla  and confectioners sugar. Blend until creamy. Frost cake while still in the pan.  
Applesauce Cake I, 0, 1/2 cup butter;1 cup white sugar;1 cup chilled applesauce;2 cups all-purpose flour;1 teaspoon baking soda;1 teaspoon ground cinnamon;1/4 teaspoon ground cloves;1/2 cup raisins;1/2 cup chopped walnuts, Cream butter or margarine with sugar. Add applesauce; beat well. Stir in flour  soda  and spices. Add nuts and raisins.  Pour the batter into a greased and floured 8 inch square pan. Bake at 350 degrees F (175 degrees C) for 40 minutes  or until done. Serve warm.  
Blueberry Buttermilk Coffeecake, 90, 1/2 cup butter;1 1/3 cups white sugar;2 eggs;1 teaspoon vanilla extract;2 cups buttermilk;4 cups all-purpose flour;3 teaspoons baking powder;1 teaspoon baking soda;1 teaspoon salt;2 cups blueberries;2/3 cup all-purpose flour;2/3 cup white sugar;6 tablespoons butter  softened, Preheat oven to 350 degrees F (175 degrees C). Grease and flour a 9x13 inch pan. Sift together 4 cups flour  baking powder  baking soda and salt. Set aside.  In a large bowl  cream together 1/2 cup butter and 1 1/3 cup sugar until light and fluffy. Beat in the eggs one at a time  then stir in the vanilla. Beat in the flour mixture alternately with the buttermilk  mixing just until incorporated. Sir in blueberries. Pour batter into prepared pan. In a small bowl  combine 2/3 cup flour and 2/3 cup sugar. cut in 6 tablespoons butter until mixture resembles coarse crumbs. Sprinkle over top of batter.  Bake in the preheated oven for 45 to 60 minutes  or until a toothpick inserted into the center of the cake comes out clean. Allow to cool.  
Raspberry Almond Coffeecake, 90, 1 cup fresh raspberries;3 tablespoons brown sugar;1 cup all-purpose flour;1/3 cup white sugar;1/2 teaspoon baking powder;1/4 teaspoon baking soda;1/8 teaspoon salt;1/2 cup sour cream;2 tablespoons butter  melted;1 teaspoon vanilla extract;1 egg;1/4 cup sliced almonds;1/4 cup sifted confectioners' sugar;1 teaspoon milk;1/4 teaspoon vanilla extract, Preheat oven to 350 degrees F (175 degrees C). Spray an 8 inch round cake pan with cooking spray.  Combine raspberries and brown sugar in a bowl. Set aside.  In a large bowl  combine flour  sugar  baking soda  baking powder  and salt. Combine sour cream  butter or margarine  1 teaspoon vanilla  and egg  and add to flour mixture. Stir just until moist. Spoon 2/3 of the batter into the prepared pan. Spread raspberry mixture evenly over the batter. Spoon remaining batter over raspberry mixture. Top with almonds.  Bake for 40 minutes  or until a wooden pick inserted in center comes out clean. Let cool for 10 minutes on a wire rack.  Combine confectioners' sugar  milk  and 1/4 teaspoon vanilla. Stir well. Drizzle glaze over cake. Serve warm or at room temperature.  
Pecan Pineapple Coffee Cake, 70, 2 cups all-purpose flour;1/4 cup white sugar;1/4 cup brown sugar;1 tablespoon baking powder;1 teaspoon baking soda;1/2 teaspoon salt;1 large egg;1 cup plain yogurt;1/4 cup canola oil;1 teaspoon vanilla extract;1 1/2 cups pineapple tidbits in juice  drained and juice reserved;1/3 cup reserved pineapple juice;1/4 cup chopped pecans;1/4 cup brown sugar, Preheat oven to 375 degrees F (190 degrees C). Lightly grease an 8-inch square baking dish.  Combine flour  white sugar  1/4 cup brown sugar  baking powder  baking soda  and salt in a bowl. Whisk egg  yogurt  canola oil  and vanilla extract in another bowl until smooth. Stir flour mixture into egg mixture until just blended. Add 1/3 cup reserved pineapple juice and fold in pineapple tidbits until batter is just mixed; pour into prepared baking dish.  Stir pecans and remaining 1/4 cup brown sugar in a small bowl; sprinkle over batter.  Bake in the preheated oven until a toothpick inserted into the center comes out clean  25 to 30 minutes. Cool in the pans for 10 minutes before removing to cool on a wire rack. Serve warm or completely cool.  
Amazing Pecan Coffee Cake, 50, 2 cups all-purpose flour;1/4 teaspoon salt;1 tablespoon baking powder;1 cup butter  softened;1 cup sour cream;1 1/2 cups white sugar;2 eggs;1 tablespoon vanilla extract;1/2 cup brown sugar;1 cup chopped pecans;1 teaspoon ground cinnamon;2 tablespoons butter  melted, Preheat oven to 350 degrees F (175 degrees C). Line a 9x13 inch pan with aluminum foil  and lightly grease with vegetable oil or cooking spray. Sift together the flour  baking powder  and salt; set aside.  In a large bowl  cream the butter until light and fluffy. Gradually beat in sour cream  then beat in sugar. Beat in the eggs one at a time  then stir in the vanilla. By hand  fold in the flour mixture  mixing just until incorporated. Spread batter into prepared pan.  To make the Pecan Topping: In a medium bowl  mix together brown sugar  pecans and cinnamon. Stir in melted butter until crumbly. Sprinkle over cake batter in pan.  Bake in the preheated oven for 30 to 35 minutes  or until a toothpick inserted into the center of the cake comes out clean. Let cool in pan for 10 minutes  then turn out onto a wire rack  and remove foil.  
Sour Cream Coffee Cake III, 55, 1 cup butter;2 cups white sugar;2 eggs;1 cup sour cream;1/2 teaspoon vanilla extract;2 cups all-purpose flour;1 teaspoon baking powder;1/8 teaspoon salt;1/3 cup all-purpose flour;1/2 cup packed brown sugar;2 tablespoons melted butter;1 teaspoon ground cinnamon, Preheat oven to 350 degrees F (175 degrees C). Grease a 9x13 inch baking pan.  In a large bowl  cream together 1 cup butter and white sugar until light and fluffy. Beat in the eggs one at a time  then stir in the sour cream and vanilla. Mix in 2 cups flour  baking powder  and salt. Spread 1/2 of batter in the prepared pan.  Prepare the filling: In a medium bowl mix 1/3 cup flour  brown sugar  2 tablespoons melted butter  and cinnamon. Sprinkle cake batter with 1/2 the filling. Spread second half of batter over the filling  and top with remaining filling.  Bake 35 to 40 minutes in the preheated oven  or until a toothpick inserted near the center comes out clean.  
Guinness® and Chocolate Cheesecake, 80, 1 cup crushed chocolate cookies;1/4 cup butter  softened;2 tablespoons white sugar;1/4 teaspoon unsweetened cocoa powder;3 (8 ounce) packages cream cheese  softened;1 cup white sugar;3 eggs;1/2 pound semisweet chocolate chips;2 tablespoons heavy cream;1 cup sour cream;1 pinch salt;3/4 cup Irish stout beer (e.g. Guinness®);2 teaspoons vanilla extract;1 (1 ounce) square semisweet chocolate, Preheat oven to 350 degrees F (175 degrees C). Prepare a 9 inch springform pan with butter.  Combine the crushed cookies  butter  2 tablespoons sugar  and cocoa in a small bowl; mix; press into the bottom of the prepared springform pan.  Place the cream cheese in a large bowl and beat with an electric mixer set to low speed until smooth. While beating  slowly add 1 cup sugar and then the eggs  one at a time. Continue beating until smooth.  Combine the chocolate chips and heavy cream in a microwave-safe bowl. Heat in the microwave until the chocolate is completely melted  stirring every 30 seconds. Beat the chocolate into the cream cheese mixture. Add the sour cream  salt  beer  and vanilla; blend until smooth. Pour the mixture over the crust. Place the pan into a large  deep baking dish. Fill the dish with water to cover the bottom half of the springform pan.  Bake the cheesecake in the water bath in the preheated oven for 45 minutes; turn oven off; leave the cheesecake in the oven with oven door slightly ajar another 45 minutes; remove from oven. Run a knife along the edge of the cheesecake to loosen from pan. Chill in refrigerator at least 4 hours.  Melt the semisweet chocolate in a small bowl using the microwave. Make chocolate clovers by dropping 3 small drops of melted chocolate close to one another on waxed paper. Drag a toothpick from between two dots outward to make the stem; chill until hardened. Arrange the chocolate clovers on top of the chilled cheesecake for decoration.  
Cheesecake Supreme, 100, 1 1/2 cups graham cracker crumbs;1/2 cup white sugar;1/4 cup butter  melted;5 (8 ounce) packages cream cheese  softened;5 eggs;2 egg yolks;1 3/4 cups white sugar;1/8 cup all-purpose flour;1/4 cup heavy whipping cream, Preheat oven to 400 degrees F (200 degrees C).  Mix the graham cracker crumbs  1/2 cup of the white sugar  and the melted butter together. Press mixture into the bottom of one 9 or 10 inch springform pan.  In a large bowl  combine cream cheese  eggs and egg yolks; mix until smooth. Add the remaining 1 3/4 cups white sugar  the flour and the heavy cream. Blend until smooth. Pour batter into prepared pan.  Bake at 400 degrees F (200 degrees C) for 10 minutes  then turn oven temperature down to 200 degrees F (100 degrees C) and continue baking for 1 hour  or until filling is set. Let cheesecake cool  then refrigerate.  
Caramel Macchiato Cheesecake, 603, 2 cups graham cracker crumbs;1/2 cup butter  melted;2 tablespoons white sugar;3 (8 ounce) packages cream cheese  softened;1 cup white sugar;3 eggs;1 (8 ounce) container sour cream;1/4 cup brewed espresso or strong coffee;2 teaspoons vanilla extract;pressurized whipped cream;caramel ice cream topping, Preheat oven to 350 degrees F (175 degrees C). Lightly coat a 9-inch springform pan with nonstick cooking spray.  Mix together the graham cracker crumbs  melted butter  and 2 tablespoons of sugar until well combined. Press into the bottom of the prepared springform pan  and 1 inch up the sides. Bake in preheated oven for 8 minutes  then remove to cool on a wire rack.  Reduce oven temperature to 325 degrees F (165 degrees C).  Beat the softened cream cheese in a large bowl with an electric mixer until fluffy. Gradually add 1 cup of sugar  beating until blended. Add eggs one at a time  beating well after each addition. Stir in sour cream  espresso and vanilla. Pour batter into the baked and cooled crust.  Bake cheesecake in the preheated oven for 1 hour and 5 minutes; then turn the oven off  partially open the door and allow the cheesecake to rest for 15 minutes more. Remove from the oven  and run a knife around the edges. Cool cheesecake on a wire rack to room temperature  then cover the springform pan with plastic wrap  and chill in the refrigerator for 8 hours.  To serve  cut the cheesecake into wedges and garnish each slice with whipped cream and caramel sauce.  
Mississippi Mud Cheesecake, 600, Crust:;1 1/2 cups finely crushed animal cracker cookies;3/4 cup white sugar;1 tablespoon instant coffee granules;1/4 cup melted butter;Cheesecake:;1 1/2 cups white sugar;1/3 cup unsweetened cocoa powder;2 teaspoons instant coffee granules;3 tablespoons cornstarch;3 (8 ounce) packages cream cheese  softened;4 eggs;1 teaspoon vanilla extract;1/2 cup chopped pecans;Topping:;1/2 cup semisweet chocolate chips;2 tablespoons milk;1/2 cup marshmallow creme;1/4 cup chopped pecans, Preheat an oven to 350 degrees F (175 degrees C). Grease a 9-inch springform pan with cooking spray.  Mix together the animal cracker crumbs  3/4 cup sugar  and 1 tablespoon instant coffee granules in a bowl. Pour in the melted butter and mix until evenly moistened. Press into the prepared springform pan and set aside.  To make the filling  combine 1 1/2 cups sugar  the cocoa powder  2 teaspoons instant coffee  and the cornstarch in the bowl of an electric mixer; stir until blended. Add the softened cream cheese and beat until the sugar mixture has been incorporated and no lumps of cream cheese remain. Beat in the eggs  one at a time  adding the vanilla extract with the last egg. Fold in 1/2 cup of chopped pecans  then pour into the prepared crust.  Bake in the preheated oven for 15 minutes; reduce heat to 200 degrees F (95 degrees C) and continue baking 2 hours. Turn off the oven  and let the cheesecake stand in the oven for 2 hours more before opening the door. Remove and cool to room temperature.  Once the cheesecake has cooled  melt the chocolate chips and milk in a small saucepan over low heat. Remove the cheesecake from the springform pan  and spread the marshmallow cream evenly over the top. Spread or drizzle the chocolate over the marshmallow cream and sprinkle 1/4 cup of chopped pecans overtop. Chill completely before serving.  
White Chocolate Chip Strawberry Cake , 70, cooking spray;1 (15.25 ounce) package strawberry cake mix (such as Betty Crocker®);2 cups white chocolate chips;3/4 cup sour cream;3/4 cup vegetable oil;3 eggs;1/2 cup warm water;1 (3.4 ounce) package cheesecake-flavored pudding mix (such as Jell-O®), Preheat oven to 350 degrees F (175 degrees C). Grease two 9-inch cake pans with cooking spray.  Combine strawberry cake mix  white chocolate chips  sour cream  vegetable oil  eggs  water  and pudding mix in a large bowl; beat with an electric mixer on medium speed until smooth  about 2 minutes. Divide batter between the prepared cake pans.  Bake in the preheated oven until a toothpick inserted into the center comes out clean  45 to 55 minutes. Set pans on a wire rack and cool for 15 minutes.  
Best Gender Reveal Cupcakes Ever!, 74, Cupcakes:;2 (16.25 ounce) packages moist white cake mix (such as Betty Crocker® SuperMoist®);2 1/2 cups water;6 eggs;2/3 cup vegetable oil;Buttercream Icing:;8 ounces baking white chocolate (such as Baker's®)  chopped;2 cups butter  at room temperature;3 tablespoons heavy whipping cream;2 teaspoons vanilla extract;9 cups confectioners' sugar;Filling:;1 quart heavy whipping cream;1 (3.4 ounce) package cheesecake-flavored pudding mix (such as Jell-O®);1/4 cup strawberry (girl) or blackberry (boy) jam  or as desired;1 dash red (girl) or blue (boy) food coloring, Preheat oven to 350 degrees F (175 degrees C). Grease 24 muffin cups or line with paper liners.  Beat cake mix  water  eggs  and oil together in a bowl using an electric mixer on medium speed for 2 minutes. Pour batter into the prepared muffin cups.  Bake in the preheated oven until a toothpick inserted in the center comes out clean  14 to 19 minutes. Cool cupcakes in the freezer.  Melt white chocolate in a microwave-safe glass or ceramic bowl in 15-second intervals  stirring after each melting  1 to 3 minutes. Beat butter and melted white chocolate together using an electric mixer until smooth; add 3 tablespoons cream and vanilla extract and mix well. Gradually add confectioners' sugar to white chocolate mixture while continually beating until icing is thick and creamy.  Place a bowl  beaters  and 1 quart cream in the freezer for 20 minutes.  Pour the chilled cream into the chilled bowl and beat using the chilled beaters until thick. Add pudding mix and beat until pudding filling is really thick and somewhat stiff. Stir jam and food coloring into filling until an even color is reached.  Cut an upside-down triangular shape out of the top of each cupcake  making room for the filling. Cut the point off the triangle. Spoon the filling into each cupcake and top with the triangle piece. Spread icing over the top of each cupcake.  
Pumpkin Coffee Cake with a Brown Sugar Glaze, 49, 1 teaspoon butter;1 (15 ounce) can pumpkin puree;2 eggs;1/3 cup water;1 tablespoon vanilla extract;2 teaspoons pumpkin pie spice;1 (18 ounce) package yellow cake mix;1 teaspoon baking soda;Topping:;1/2 cup brown sugar;1/2 cup all-purpose flour;1/4 cup butter  melted;Glaze:;1/2 cup brown sugar;1/4 cup heavy whipping cream;1/4 cup white sugar;1 teaspoon vanilla extract, Preheat oven to 350 degrees F (175 degrees C). Grease a 9x13-inch baking pan with 1 teaspoon butter.  Mix pumpkin puree  eggs  water  1 tablespoon vanilla extract  and pumpkin pie spice together in a large bowl. Stir in yellow cake mix and baking soda until just combined. Pour batter into the prepared baking pan.  Mix 1/2 cup brown sugar  flour  and melted butter in a small bowl until crumbly; sprinkle over the batter with your fingers.  Bake in the preheated oven until a toothpick inserted into the center comes out clean  25 to 30 minutes.  Combine 1/2 cup brown sugar  heavy cream  white sugar  and 1 teaspoon vanilla extract in a saucepan; bring to a simmer over medium heat. Remove from heat and stir until brown sugar and white sugar are dissolved and glaze is smooth.  Poke holes all over the top of the cake with a toothpick. Pour glaze evenly over cake.  
Cinnamon Banana Cream Cake, 110, Cake:;1 (18.25 ounce) package vanilla cake mix;1 cup water;3 eggs;1/3 cup oil;3 very ripe bananas  mashed;2 teaspoons ground cinnamon;1 teaspoon baking soda;Frosting:;1 cup milk;1 (3.5 ounce) package instant banana cream pudding mix;1 (8 ounce) container low-fat frozen whipped topping (such as Cool Whip® Lite)  thawed, Preheat oven to 350 degrees F (175 degrees C). Grease a 13x9-inch baking dish.  Beat cake mix  water  eggs  and oil together in a bowl using a electric mixer until batter is smooth and well mixed  about 2 minutes. Mix bananas  cinnamon  and baking soda together in a separate bowl; stir into batter. Pour batter into the prepared baking dish.  Bake in the preheated oven until a toothpick inserted in the center of the cake comes out clean  35 to 40 minutes. Cool cake completely.  Beat milk and pudding mix together in a bowl until smooth; fold in whipped topping until frosting is smooth. Spread frosting onto cooled cake.  
Golden Rum Cake, 90, 1 cup chopped walnuts;1 (18.25 ounce) package yellow cake mix;1 (3.4 ounce) package instant vanilla pudding mix;4 eggs;1/2 cup water;1/2 cup vegetable oil;1/2 cup dark rum;1/2 cup butter;1/4 cup water;1 cup white sugar;1/2 cup dark rum, Preheat oven to 325 degrees F (165 degrees C). Grease and flour a 10 inch Bundt pan. Sprinkle chopped nuts evenly over the bottom of the pan.  In a large bowl  combine cake mix and pudding mix. Mix in the eggs  1/2 cup water  oil and 1/2 cup rum. Blend well. Pour batter over chopped nuts in the pan.  Bake in the preheated oven for 60 minutes  or until a toothpick inserted into the cake comes out clean. Let sit for 10 minutes in the pan  then turn out onto serving plate. Brush glaze over top and sides. Allow cake to absorb glaze and repeat until all glaze is used.  To make the glaze: in a saucepan  combine butter  1/4 cup water and 1 cup sugar. Bring to a boil over medium heat and continue to boil for 5 minutes  stirring constantly. Remove from heat and stir in 1/2 cup rum.  
Tiramisu Layer Cake, 120, CAKE:;1 (18.25 ounce) package moist white cake mix;1 teaspoon instant coffee powder;1/4 cup coffee;1 tablespoon coffee flavored liqueur;FILLING:;1 (8 ounce) container mascarpone cheese;1/2 cup confectioners' sugar;2 tablespoons coffee flavored liqueur;FROSTING:;2 cups heavy cream;1/4 cup confectioners' sugar;2 tablespoons coffee flavored liqueur;GARNISH:;2 tablespoons unsweetened cocoa powder;1 (1 ounce) square semisweet chocolate, Preheat oven to 350 degrees F (175 degrees C). Grease and flour 3 (9 inch) pans.  Prepare the cake mix according to package directions. Divide two thirds of batter between 2 pans. Stir instant coffee into remaining batter; pour into remaining pan.  Bake in the preheated oven for 20 to 25 minutes  or until a toothpick inserted into the center of the cake comes out clean. Let cool in pan for 10 minutes  then turn out onto a wire rack and cool completely. In a measuring cup  combine brewed coffee and 1 tablespoon coffee liqueur; set aside.  To make the filling: In a small bowl  using an electric mixer set on low speed  combine mascarpone  1/2 cup confectioners' sugar and 2 tablespoons coffee liqueur; beat just until smooth. Cover with plastic wrap and refrigerate.  To make the frosting: In a medium bowl  using an electric mixer set on medium-high speed  beat the cream  1/4 cup confectioners' sugar and 2 tablespoons coffee liqueur until stiff. Fold 1/2 cup of cream mixture into filling mixture.  To assemble the cake: Place one plain cake layer on a serving plate. Using a thin skewer  poke holes in cake  about 1 inch apart. Pour one third of reserved coffee mixture over cake  then spread with half of the filling mixture. Top with coffee-flavored cake layer; poke holes in cake. Pour another third of the coffee mixture over the second layer and spread with the remaining filling. Top with remaining cake layer; poke holes in cake. Pour remaining coffee mixture on top. Spread sides and top of cake with frosting. Place cocoa in a sieve and lightly dust top of cake. Garnish with chocolate curls. Refrigerate at least 30 minutes before serving.  To make the chocolate curls  use a vegetable peeler and run it down the edge of the chocolate bar.  
Better Than Sex Cake II, 90, 1 (18.25 ounce) package devil's food cake mix;1/2 (14 ounce) can sweetened condensed milk;6 ounces caramel ice cream topping;3 (1.4 ounce) bars chocolate covered toffee  chopped;1 (8 ounce) container frozen whipped topping  thawed, Bake cake according to package directions for a 9x13 inch pan; cool on wire rack for 5 minutes. Make slits across the top of the cake  making sure not to go through to the bottom.  In a saucepan over low heat  combine sweetened condensed milk and caramel topping  stirring until smooth and blended. Slowly pour the warm topping mixture over the top of the warm cake  letting it sink into the slits; then sprinkle the crushed chocolate toffee bars liberally across the entire cake while still warm. (Hint: I crush my candy bars into small chunks as opposed to crumbs - I like to have pieces I can chew on!)  Let cake cool completely  then top with whipped topping. Decorate the top of the cake with some more chocolate toffee bar chunks and swirls of caramel topping. Refrigerate and serve right from the pan!  
Coconut Poke Cake, 120, 1 (18.25 ounce) package white cake mix;1 (14 ounce) can cream of coconut;1 (14 ounce) can sweetened condensed milk;1 (16 ounce) package frozen whipped topping  thawed;1 (8 ounce) package flaked coconut, Prepare and bake white cake mix according to package directions. Remove cake from oven. While still hot  using a utility fork  poke holes all over the top of the cake.  Mix cream of coconut and sweetened condensed milk together. Pour over the top of the still hot cake. Let cake cool completely then frost with the whipped topping and top with the flaked coconut. Keep cake refrigerated.  
White Almond Wedding Cake, 65, 1 (18.25 ounce) package white cake mix;1 cup all-purpose flour;1 cup white sugar;3/4 teaspoon salt;1 1/3 cups water;1 cup sour cream;2 tablespoons vegetable oil;1 teaspoon almond extract;1 teaspoon vanilla extract;4 egg whites, Preheat oven to 325 degrees F (165 degrees C). Grease and flour an 11x13 inch cake pan.  Stir together the white cake mix  flour  sugar  and salt in a large bowl until well mixed. Pour in the water  sour cream  vegetable oil  almond and vanilla extracts  and egg whites  and beat with an electric mix on low until all the ingredients are mixed and moistened but some lumps still remain  4 minutes.  Pour the batter into the prepared cake pan  and bake in the preheated oven until the top is a light golden brown and a toothpick inserted into the center of the cake comes out clean  about 25 minutes. Allow to cool before frosting.  
Brownie Caramel Cheesecake, 270, 1 (9 ounce) package brownie mix;1 egg;1 tablespoon cold water;1 (14 ounce) package individually wrapped caramels  unwrapped;1 (5 ounce) can evaporated milk;2 (8 ounce) packages cream cheese  softened;1/2 cup white sugar;1 teaspoon vanilla extract;2 eggs;1 cup chocolate fudge topping, Preheat oven to 350 degrees F (175 degrees C). Grease the bottom of a 9 inch springform pan.  In a small bowl  mix together brownie mix  1 egg and water. Spread into the greased pan. Bake for 25 minutes.  Melt the caramels with the evaporated milk over low heat in a heavy saucepan. Stir often  and heat until mixture has a smooth consistency. Reserve 1/3 cup of this caramel mixture  and pour the remainder over the warm  baked brownie crust.  In a large bowl  beat the cream cheese  sugar and vanilla with an electric mixer until smooth. Add eggs one at a time  beating well after each addition. Pour cream cheese mixture over caramel mixture.  Bake cheesecake for 40 minutes. Chill in pan. When cake is thoroughly chilled  loosen by running a knife around the edge  and then remove the rim of the pan. Heat reserved caramel mixture  and spoon over cheesecake. Drizzle with the chocolate topping.  
Pineapple Angel Food Cake I, 0, 1 (16 ounce) package angel food cake mix;1 (20 ounce) can crushed pineapple with juice;1 (12 ounce) container frozen whipped topping  thawed, Preheat oven to 350 degrees F (175 degrees C). Spray a 9x13 inch pan with vegetable oil spray.  In a large bowl  combine cake mix and pineapple (with juice). Mix until well blended.  Pour batter into prepared 9x13 inch pan. Bake at 350 degrees F (175 degrees C) for 25 minutes or until golden brown. Let cool.  Serve with whipped topping  
Gooey Butter Cake III, 0, 1 (18.25 ounce) package yellow cake mix;1/2 cup butter  melted;2 eggs;1 teaspoon vanilla extract;1 (8 ounce) package cream cheese;2 eggs;1 teaspoon vanilla extract;4 cups confectioners' sugar, Preheat oven to 350 degrees F (175 degrees C).  Mix cake mix  melted butter or margarine  1 teaspoon vanilla  and 2 eggs with a spoon. Pat into a 9 X 13 inch pan.  Mix cream cheese  2 eggs  and 1 teaspoon vanilla with an electric mixer. Slowly beat in confectioner's sugar. Pour over cake layer.  Bake for 40 to 45 minutes. Cool.  
Chocolate Pudding Fudge Cake, 65, 1 (18.25 ounce) package devil's food cake mix;1 (3.9 ounce) package instant chocolate pudding mix;1 cup sour cream;1 cup milk;1/2 cup vegetable oil;1/2 cup water;4 eggs;2 cups semisweet chocolate chips;6 tablespoons butter;1 cup semisweet chocolate chips, Preheat oven to 350 degrees F (175 degrees C). Grease and flour a 10 inch Bundt pan.  In a large bowl  combine cake mix  pudding mix  sour cream  milk  oil  water and eggs. Beat for 4 minutes  then mix in 2 cups chocolate chips.  Pour batter into prepared pan. Bake in the preheated oven for 40 to 50 minutes  or until a toothpick inserted into the center of the cake comes out clean. Cool 10 minutes in the pan  then turn out onto a wire rack and cool completely.  To make the glaze: Melt the butter and 1 cup chocolate chips in a double boiler or microwave oven. Stir until smooth and drizzle over cake.  
Lemon Cake, 43, 1 (18.25 ounce) package yellow cake mix;1 (3.4 ounce) package instant lemon pudding mix;1 3/4 cups water;3 egg whites;3/4 cup nonfat milk;1/2 teaspoon lemon extract;1 (1 ounce) package instant sugar-free vanilla pudding mix;1 (8 ounce) container frozen light whipped topping  thawed, Preheat oven to 350 degrees F (175 degrees C). Spray a 10x15 inch pan with non-stick cooking spray.  In a large bowl  mix together cake mix and pudding mix. Pour in water and egg whites. Beat on low speed for 1 minute. Increase speed to high and beat for 4 minutes. Pour batter into prepared 10x15 inch pan.  Bake in the preheated oven for 25 to 30 minutes  or until a toothpick inserted into the center of the cake comes out clean. Allow to cool completely.  In a large bowl  combine milk  lemon extract and vanilla pudding mix. Beat on low for 2 minutes. Fold in whipped topping. Spread over cooled cake. Store cake in refrigerator.  
